Id,label
2100,female
2101,female
2102,female
2103,female
2104,female
2105,female
2106,female
2107,female
2108,female
2109,female
2110,female
2111,female
2112,female
2113,female
2114,female
2115,female
2116,female
2117,female
2118,female
2119,female
2120,female
2121,female
2122,female
2123,female
2124,female
2125,female
2126,female
2127,female
2128,female
2129,female
2130,female
2131,female
2132,female
2133,female
2134,female
2135,female
2136,female
2137,female
2138,female
2139,female
2140,female
2141,female
2142,female
2143,female
2144,female
2145,female
2146,female
2147,female
2148,female
2149,female
2150,female
2151,female
2152,female
2153,female
2154,female
2155,female
2156,female
2157,female
2158,female
2159,female
2160,female
2161,female
2162,female
2163,female
2164,female
2165,female
2166,female
2167,female
2168,female
2169,female
2170,female
2171,female
2172,female
2173,female
2174,female
2175,female
2176,female
2177,female
2178,female
2179,female
2180,female
2181,female
2182,female
2183,female
2184,female
2185,female
2186,female
2187,female
2188,female
2189,female
2190,female
2191,female
2192,female
2193,female
2194,female
2195,female
2196,female
2197,female
2198,female
2199,female
2200,female
2201,female
2202,female
2203,female
2204,female
2205,female
2206,female
2207,female
2208,female
2209,female
2210,female
2211,female
2212,female
2213,female
2214,female
2215,female
2216,female
2217,female
2218,female
2219,female
2220,female
2221,female
2222,female
2223,female
2224,female
2225,female
2226,female
2227,female
2228,female
2229,female
2230,female
2231,female
2232,female
2233,female
2234,female
2235,female
2236,female
2237,female
2238,female
2239,female
2240,female
2241,female
2242,female
2243,female
2244,female
2245,female
2246,female
2247,female
2248,female
2249,female
2250,female
2251,female
2252,female
2253,female
2254,female
2255,female
2256,female
2257,female
2258,female
2259,female
2260,female
2261,female
2262,female
2263,female
2264,female
2265,female
2266,female
2267,female
2268,female
2269,female
2270,female
2271,female
2272,female
2273,female
2274,female
2275,female
2276,female
2277,female
2278,female
2279,female
2280,female
2281,female
2282,female
2283,female
2284,female
2285,female
2286,female
2287,female
2288,female
2289,female
2290,female
2291,female
2292,female
2293,female
2294,female
2295,female
2296,female
2297,female
2298,female
2299,female
2300,female
2301,female
2302,female
2303,female
2304,female
2305,female
2306,female
2307,female
2308,female
2309,female
2310,female
2311,female
2312,female
2313,female
2314,female
2315,female
2316,female
2317,female
2318,female
2319,female
2320,female
2321,female
2322,female
2323,female
2324,female
2325,female
2326,female
2327,female
2328,female
2329,female
2330,female
2331,female
2332,female
2333,female
2334,female
2335,female
2336,female
2337,female
2338,female
2339,female
2340,female
2341,female
2342,female
2343,female
2344,female
2345,female
2346,female
2347,female
2348,female
2349,female
2350,female
2351,female
2352,female
2353,female
2354,female
2355,female
2356,female
2357,female
2358,female
2359,female
2360,female
2361,female
2362,female
2363,female
2364,female
2365,female
2366,female
2367,female
2368,female
2369,female
2370,female
2371,female
2372,female
2373,female
2374,female
2375,female
2376,female
2377,female
2378,female
2379,female
2380,female
2381,female
2382,female
2383,female
2384,female
2385,female
2386,female
2387,female
2388,female
2389,female
2390,female
2391,female
2392,female
2393,female
2394,female
2395,female
2396,female
2397,female
2398,female
2399,female
2400,female
2401,female
2402,female
2403,female
2404,female
2405,female
2406,female
2407,female
2408,female
2409,female
2410,female
2411,female
2412,female
2413,female
2414,female
2415,female
2416,female
2417,female
2418,female
2419,female
2420,female
2421,female
2422,female
2423,female
2424,female
2425,female
2426,female
2427,female
2428,female
2429,female
2430,female
2431,female
2432,female
2433,female
2434,female
2435,female
2436,female
2437,female
2438,female
2439,female
2440,female
2441,female
2442,female
2443,female
2444,female
2445,female
2446,female
2447,female
2448,female
2449,female
2450,female
2451,female
2452,female
2453,female
2454,female
2455,female
2456,female
2457,female
2458,female
2459,female
2460,female
2461,female
2462,female
2463,female
2464,female
2465,female
2466,female
2467,female
2468,female
2469,female
2470,female
2471,female
2472,female
2473,female
2474,female
2475,female
2476,female
2477,female
2478,female
2479,female
2480,female
2481,female
2482,female
2483,female
2484,female
2485,female
2486,female
2487,female
2488,female
2489,female
2490,female
2491,female
2492,female
2493,female
2494,female
2495,female
2496,female
2497,female
2498,female
2499,female
2500,female
2501,female
2502,female
2503,female
2504,female
2505,female
2506,female
2507,female
2508,female
2509,female
2510,female
2511,female
2512,female
2513,female
2514,female
2515,female
2516,female
2517,female
2518,female
2519,female
2520,female
2521,female
2522,female
2523,female
2524,female
2525,female
2526,female
2527,female
2528,female
2529,female
2530,female
2531,female
2532,female
2533,female
2534,female
2535,female
2536,female
2537,female
2538,female
2539,female
2540,female
2541,female
2542,female
2543,female
2544,female
2545,female
2546,female
2547,female
2548,female
2549,female
2550,female
2551,female
2552,female
2553,female
2554,female
2555,female
2556,female
2557,female
2558,female
2559,female
2560,female
2561,female
2562,female
2563,female
2564,female
2565,female
2566,female
2567,female
2568,female
2569,female
2570,female
2571,female
2572,female
2573,female
2574,female
2575,female
2576,female
2577,female
2578,female
2579,female
2580,female
2581,female
2582,female
2583,female
2584,female
2585,female
2586,female
2587,female
2588,female
2589,female
2590,female
2591,female
2592,female
2593,female
2594,female
2595,female
2596,female
2597,female
2598,female
2599,female
2600,female
2601,female
2602,female
2603,female
2604,female
2605,female
2606,female
2607,female
2608,female
2609,female
2610,female
2611,female
2612,female
2613,female
2614,female
2615,female
2616,female
2617,female
2618,female
2619,female
2620,female
2621,female
2622,female
2623,female
2624,female
2625,female
2626,female
2627,female
2628,female
2629,female
2630,female
2631,female
2632,female
2633,female
2634,female
2635,female
2636,female
2637,female
2638,female
2639,female
2640,female
2641,female
2642,female
2643,female
2644,female
2645,female
2646,female
2647,female
2648,female
2649,female
2650,female
2651,female
2652,female
2653,female
2654,female
2655,female
2656,female
2657,female
2658,female
2659,female
2660,female
2661,female
2662,female
2663,female
2664,female
2665,female
2666,female
2667,female
2668,female
2669,female
2670,female
2671,female
2672,female
2673,female
2674,female
2675,female
2676,female
2677,female
2678,female
2679,female
2680,female
2681,female
2682,female
2683,female
2684,female
2685,female
2686,female
2687,female
2688,female
2689,female
2690,female
2691,female
2692,female
2693,female
2694,female
2695,female
2696,female
2697,female
2698,female
2699,female
2700,female
2701,female
2702,female
2703,female
2704,female
2705,female
2706,female
2707,female
2708,female
2709,female
2710,female
2711,female
2712,female
2713,female
2714,female
2715,female
2716,female
2717,female
2718,female
2719,female
2720,female
2721,female
2722,female
2723,female
2724,female
2725,female
2726,female
2727,female
2728,female
2729,female
2730,female
2731,female
2732,female
2733,female
2734,female
2735,female
2736,female
2737,female
2738,female
2739,female
2740,female
2741,female
2742,female
2743,female
2744,female
2745,female
2746,female
2747,female
2748,female
2749,female
2750,female
2751,female
2752,female
2753,female
2754,female
2755,female
2756,female
2757,female
2758,female
2759,female
2760,female
2761,female
2762,female
2763,female
2764,female
2765,female
2766,female
2767,female
2768,female
2769,female
2770,female
2771,female
2772,female
2773,female
2774,female
2775,female
2776,female
2777,female
2778,female
2779,female
2780,female
2781,female
2782,female
2783,female
2784,female
2785,female
2786,female
2787,female
2788,female
2789,female
2790,female
2791,female
2792,female
2793,female
2794,female
2795,female
2796,female
2797,female
2798,female
2799,female
2800,female
2801,female
2802,female
2803,female
2804,female
2805,female
2806,female
2807,female
2808,female
2809,female
2810,female
2811,female
2812,female
2813,female
2814,female
2815,female
2816,female
2817,female
2818,female
2819,female
2820,female
2821,female
2822,female
2823,female
2824,female
2825,female
2826,female
2827,female
2828,female
2829,female
2830,female
2831,female
2832,female
2833,female
2834,female
2835,female
2836,female
2837,female
2838,female
2839,female
2840,female
2841,female
2842,female
2843,female
2844,female
2845,female
2846,female
2847,female
2848,female
2849,female
2850,female
2851,female
2852,female
2853,female
2854,female
2855,female
2856,female
2857,female
2858,female
2859,female
2860,female
2861,female
2862,female
2863,female
2864,female
2865,female
2866,female
2867,female
2868,female
2869,female
2870,female
2871,female
2872,female
2873,female
2874,female
2875,female
2876,female
2877,female
2878,female
2879,female
2880,female
2881,female
2882,female
2883,female
2884,female
2885,female
2886,female
2887,female
2888,female
2889,female
2890,female
2891,female
2892,female
2893,female
2894,female
2895,female
2896,female
2897,female
2898,female
2899,female
2900,female
2901,female
2902,female
2903,female
2904,female
2905,female
2906,female
2907,female
2908,female
2909,female
2910,female
2911,female
2912,female
2913,female
2914,female
2915,female
2916,female
2917,female
2918,female
2919,female
2920,female
2921,female
2922,female
2923,female
2924,female
2925,female
2926,female
2927,female
2928,female
2929,female
2930,female
2931,female
2932,female
2933,female
2934,female
2935,female
2936,female
2937,female
2938,female
2939,female
2940,female
2941,female
2942,female
2943,female
2944,female
2945,female
2946,female
2947,female
2948,female
2949,female
2950,female
2951,female
2952,female
2953,female
2954,female
2955,female
2956,female
2957,female
2958,female
2959,female
2960,female
2961,female
2962,female
2963,female
2964,female
2965,female
2966,female
2967,female
2968,female
2969,female
2970,female
2971,female
2972,female
2973,female
2974,female
2975,female
2976,female
2977,female
2978,female
2979,female
2980,female
2981,female
2982,female
2983,female
2984,female
2985,female
2986,female
2987,female
2988,female
2989,female
2990,female
2991,female
2992,female
2993,female
2994,female
2995,female
2996,female
2997,female
2998,female
2999,female
3000,female
3001,female
3002,female
3003,female
3004,female
3005,female
3006,female
3007,female
3008,female
3009,female
3010,female
3011,female
3012,female
3013,female
3014,female
3015,female
3016,female
3017,female
3018,female
3019,female
3020,female
3021,female
3022,female
3023,female
3024,female
3025,female
3026,female
3027,female
3028,female
3029,female
3030,female
3031,female
3032,female
3033,female
3034,female
3035,female
3036,female
3037,female
3038,female
3039,female
3040,female
3041,female
3042,female
3043,female
3044,female
3045,female
3046,female
3047,female
3048,female
3049,female
3050,female
3051,female
3052,female
3053,female
3054,female
3055,female
3056,female
3057,female
3058,female
3059,female
3060,female
3061,female
3062,female
3063,female
3064,female
3065,female
3066,female
3067,female
3068,female
3069,female
3070,female
3071,female
3072,female
3073,female
3074,female
3075,female
3076,female
3077,female
3078,female
3079,female
3080,female
3081,female
3082,female
3083,female
3084,female
3085,female
3086,female
3087,female
3088,female
3089,female
3090,female
3091,female
3092,female
3093,female
3094,female
3095,female
3096,female
3097,female
3098,female
3099,female
3100,female
3101,female
3102,female
3103,female
3104,female
3105,female
3106,female
3107,female
3108,female
3109,female
3110,female
3111,female
3112,female
3113,female
3114,female
3115,female
3116,female
3117,female
3118,female
3119,female
3120,female
3121,female
3122,female
3123,female
3124,female
3125,female
3126,female
3127,female
3128,female
3129,female
3130,female
3131,female
3132,female
3133,female
3134,female
3135,female
3136,female
3137,female
3138,female
3139,female
3140,female
3141,female
3142,female
3143,female
3144,female
3145,female
3146,female
3147,female
3148,female
3149,female
3150,female
3151,female
3152,female
3153,female
3154,female
3155,female
3156,female
3157,female
3158,female
3159,female
3160,female
3161,female
3162,female
3163,female
3164,female
3165,female
3166,female
3167,female
3168,female
